Image,Straw_ID,Length_mm,Shape,Overlap_Detected,Reconstructed,Confidence,Detection_Source,YOLO_Conf,Endpoint_Method,Skeleton_Pixels,Path_Euclidean_Ratio,Pixel_to_mm_Used,Pixel_to_mm
IMG_2728.jpg,1,126.724,Curved,True,False,HIGH,yolo,0.87,true_endpoint,204,1.121,0.5414019015684286,0.541402
IMG_2728.jpg,2,197.215,Straight,True,False,HIGH,yolo,0.847,true_endpoint,340,1.0759,0.5414019015684286,0.541402
IMG_2729.jpg,0,114.999,Curved,True,False,HIGH,yolo,0.913,true_endpoint,184,1.1138,0.5414019015684286,0.541402
IMG_2729.jpg,2.1,50.056,Curved,True,True,RECONSTRUCTED,yolo,0.791,,86,1.4826,0.5414019015684286,0.541402
IMG_2729.jpg,4.0,28.454,Curved,True,True,RECONSTRUCTED,yolo,0.686,,49,1.1773,0.5414019015684286,0.541402
IMG_2730.jpg,0,116.344,Curved,True,False,HIGH,yolo,0.896,true_endpoint,184,1.1306,0.5414019015684286,0.541402
IMG_2730.jpg,1,263.075,Curved,True,False,HIGH,yolo,0.892,true_endpoint,402,1.1639,0.5414019015684286,0.541402
IMG_2730.jpg,2,174.104,Straight,True,False,HIGH,yolo,0.847,true_endpoint,294,1.0928,0.5414019015684286,0.541402
IMG_2730.jpg,3.2,31.764,Straight,True,True,RECONSTRUCTED,yolo,0.758,,46,1.0634,0.5414019015684286,0.541402
IMG_2730.jpg,4.0,40.519,Curved,True,True,RECONSTRUCTED,yolo,0.713,,63,1.163,0.5414019015684286,0.541402
IMG_2731.jpg,0,115.71,Curved,True,False,HIGH,yolo,0.912,true_endpoint,182,1.1061,0.5414019015684286,0.541402
IMG_2731.jpg,1,274.893,Curved,True,False,HIGH,yolo,0.828,true_endpoint,423,1.1987,0.5414019015684286,0.541402
IMG_2731.jpg,3,117.568,Straight,True,False,HIGH,yolo,0.786,true_endpoint,202,1.0677,0.5414019015684286,0.541402
IMG_2731.jpg,4,57.527,Curved,False,False,HIGH,yolo,0.725,true_endpoint,94,1.1015,0.5414019015684286,0.541402
IMG_2731.jpg,5.1,33.535,Curved,True,True,RECONSTRUCTED,yolo,0.696,,53,1.1731,0.5414019015684286,0.541402
IMG_2732.jpg,1,110.908,Curved,True,False,HIGH,yolo,0.898,true_endpoint,181,1.1014,0.5414019015684286,0.541402
IMG_2732.jpg,3.0,31.347,Straight,True,True,RECONSTRUCTED,yolo,0.806,,56,1.0484,0.5414019015684286,0.541402
IMG_2732.jpg,3.2,16.412,Curved,True,True,RECONSTRUCTED,yolo,0.806,,28,1.1258,0.5414019015684286,0.541402
IMG_2733.jpg,3,112.926,Curved,True,False,HIGH,yolo,0.905,true_endpoint,181,1.1117,0.5414019015684286,0.541402
IMG_2733.jpg,4,187.021,Straight,True,False,HIGH,yolo,0.893,true_endpoint,322,1.0836,0.5414019015684286,0.541402
IMG_2733.jpg,5.0,39.321,Curved,True,True,RECONSTRUCTED,yolo,0.893,,67,1.4178,0.5414019015684286,0.541402
IMG_2733.jpg,5.1,40.442,Curved,True,True,RECONSTRUCTED,yolo,0.893,,67,1.2034,0.5414019015684286,0.541402
IMG_2733.jpg,6.0,35.531,Curved,True,True,RECONSTRUCTED,yolo,0.84,,60,1.1066,0.5414019015684286,0.541402
IMG_2733.jpg,6.1,13.256,Curved,True,True,RECONSTRUCTED,yolo,0.84,,23,1.1646,0.5414019015684286,0.541402
IMG_2733.jpg,7.0,21.416,Curved,True,True,RECONSTRUCTED,yolo,0.75,,36,1.1767,0.5414019015684286,0.541402
IMG_2734.jpg,1.0,34.092,Straight,True,True,RECONSTRUCTED,yolo,0.937,,59,1.0632,0.5414019015684286,0.541402
IMG_2734.jpg,3,100.768,Straight,True,False,HIGH,yolo,0.864,true_endpoint,166,1.0892,0.5414019015684286,0.541402
IMG_2734.jpg,5.0,26.42,Curved,True,True,RECONSTRUCTED,yolo,0.817,,44,1.1888,0.5414019015684286,0.541402
IMG_2734.jpg,6.1,33.01,Curved,True,True,RECONSTRUCTED,yolo,0.787,,57,1.3041,0.5414019015684286,0.541402
IMG_2734.jpg,7.0,32.731,Curved,True,True,RECONSTRUCTED,yolo,0.704,,54,1.1407,0.5414019015684286,0.541402
IMG_2734.jpg,7.1,37.604,Curved,True,True,RECONSTRUCTED,yolo,0.704,,63,1.4358,0.5414019015684286,0.541402
IMG_2735.jpg,1,132.833,Curved,False,False,HIGH,yolo,0.955,true_endpoint,207,1.1467,0.5414019015684286,0.541402
IMG_2735.jpg,2,196.328,Straight,True,False,HIGH,yolo,0.941,true_endpoint,287,1.082,0.5414019015684286,0.541402
IMG_2735.jpg,3,216.005,Curved,False,False,HIGH,yolo,0.933,true_endpoint,325,1.1435,0.5414019015684286,0.541402
IMG_2735.jpg,4,103.924,Curved,True,False,HIGH,yolo,0.913,true_endpoint,171,1.1095,0.5414019015684286,0.541402
IMG_2735.jpg,5.1,27.913,Straight,True,True,RECONSTRUCTED,yolo,0.862,,48,1.085,0.5414019015684286,0.541402
IMG_2735.jpg,5.2,14.656,Curved,True,True,RECONSTRUCTED,yolo,0.862,,26,1.126,0.5414019015684286,0.541402
IMG_2735.jpg,6,146.384,Curved,False,False,HIGH,yolo,0.822,true_endpoint,237,1.1732,0.5414019015684286,0.541402
IMG_2735.jpg,7,215.319,Curved,False,False,HIGH,yolo,0.791,true_endpoint,349,1.1943,0.5414019015684286,0.541402
IMG_2735.jpg,8,88.191,Straight,True,False,HIGH,yolo,0.761,true_endpoint,132,1.0792,0.5414019015684286,0.541402
IMG_2735.jpg,11.1,35.082,Curved,True,True,RECONSTRUCTED,yolo,0.551,,60,1.5675,0.5414019015684286,0.541402
IMG_2736.jpg,1,132.423,Curved,False,False,HIGH,yolo,0.958,true_endpoint,205,1.1373,0.5414019015684286,0.541402
IMG_2736.jpg,2,196.908,Straight,True,False,HIGH,yolo,0.952,true_endpoint,286,1.0799,0.5414019015684286,0.541402
IMG_2736.jpg,3,105.679,Curved,True,False,HIGH,yolo,0.929,true_endpoint,173,1.1023,0.5414019015684286,0.541402
IMG_2736.jpg,4,212.362,Curved,False,False,HIGH,yolo,0.915,true_endpoint,322,1.13,0.5414019015684286,0.541402
IMG_2736.jpg,5.0,25.561,Curved,True,True,RECONSTRUCTED,yolo,0.898,,42,1.1803,0.5414019015684286,0.541402
IMG_2736.jpg,6,90.488,Straight,False,False,HIGH,yolo,0.838,true_endpoint,135,1.0799,0.5414019015684286,0.541402
IMG_2736.jpg,8,146.833,Curved,False,False,HIGH,yolo,0.787,true_endpoint,237,1.1566,0.5414019015684286,0.541402
IMG_2736.jpg,10.0,33.814,Curved,True,True,RECONSTRUCTED,yolo,0.686,,56,1.1912,0.5414019015684286,0.541402
IMG_2737.jpg,1,206.15,Straight,True,False,HIGH,yolo,0.946,true_endpoint,301,1.0867,0.5414019015684286,0.541402
IMG_2737.jpg,2,139.91,Curved,False,False,HIGH,yolo,0.936,true_endpoint,218,1.1434,0.5414019015684286,0.541402
IMG_2737.jpg,3,107.621,Curved,True,False,HIGH,yolo,0.914,true_endpoint,177,1.1085,0.5414019015684286,0.541402
IMG_2737.jpg,4,225.657,Curved,False,False,HIGH,yolo,0.909,true_endpoint,342,1.1291,0.5414019015684286,0.541402
IMG_2737.jpg,5,149.229,Curved,False,False,HIGH,yolo,0.883,true_endpoint,229,1.1061,0.5414019015684286,0.541402
IMG_2737.jpg,6.1,35.941,Straight,True,True,RECONSTRUCTED,yolo,0.853,,62,1.0846,0.5414019015684286,0.541402
IMG_2737.jpg,6.2,13.256,Curved,True,True,RECONSTRUCTED,yolo,0.853,,23,1.1646,0.5414019015684286,0.541402
IMG_2737.jpg,7.0,36.799,Curved,True,True,RECONSTRUCTED,yolo,0.812,,64,1.4269,0.5414019015684286,0.541402
IMG_2737.jpg,7.1,25.337,Curved,True,True,RECONSTRUCTED,yolo,0.812,,42,1.2432,0.5414019015684286,0.541402
IMG_2737.jpg,8,94.634,Straight,True,False,HIGH,yolo,0.803,true_endpoint,141,1.0842,0.5414019015684286,0.541402
IMG_2737.jpg,9.0,37.604,Curved,True,True,RECONSTRUCTED,yolo,0.569,,63,1.1203,0.5414019015684286,0.541402
IMG_2737.jpg,9.1,31.872,Curved,True,True,RECONSTRUCTED,yolo,0.569,,52,1.1436,0.5414019015684286,0.541402
IMG_2738.jpg,0,207.496,Straight,True,False,HIGH,yolo,0.962,true_endpoint,301,1.0835,0.5414019015684286,0.541402
IMG_2738.jpg,2,135.037,Curved,False,False,HIGH,yolo,0.935,true_endpoint,209,1.1293,0.5414019015684286,0.541402
IMG_2738.jpg,4,113.352,Curved,True,False,HIGH,yolo,0.917,true_endpoint,188,1.1163,0.5414019015684286,0.541402
IMG_2738.jpg,5,152.308,Curved,False,False,HIGH,yolo,0.888,true_endpoint,238,1.1272,0.5414019015684286,0.541402
IMG_2738.jpg,6,96.034,Straight,False,False,HIGH,yolo,0.851,true_endpoint,144,1.0774,0.5414019015684286,0.541402
IMG_2738.jpg,8,33.682,Curved,True,False,HIGH,yolo,0.792,true_endpoint,57,1.1311,0.5414019015684286,0.541402
IMG_2738.jpg,9.0,40.141,Curved,True,True,RECONSTRUCTED,yolo,0.779,,71,1.3849,0.5414019015684286,0.541402
IMG_2738.jpg,10.0,31.462,Curved,True,True,RECONSTRUCTED,yolo,0.704,,50,1.2265,0.5414019015684286,0.541402
IMG_2738.jpg,10.1,37.921,Curved,True,True,RECONSTRUCTED,yolo,0.704,,64,1.4267,0.5414019015684286,0.541402
IMG_2738.jpg,10.2,35.979,Curved,True,True,RECONSTRUCTED,yolo,0.704,,60,1.1257,0.5414019015684286,0.541402
IMG_2739.jpg,1,135.803,Curved,False,False,HIGH,yolo,0.936,true_endpoint,210,1.1367,0.5414019015684286,0.541402
IMG_2739.jpg,2,110.405,Curved,True,False,HIGH,yolo,0.927,true_endpoint,178,1.1147,0.5414019015684286,0.541402
IMG_2739.jpg,3.0,23.473,Curved,True,True,RECONSTRUCTED,yolo,0.927,,34,1.2224,0.5414019015684286,0.541402
IMG_2739.jpg,5,149.694,Curved,False,False,HIGH,yolo,0.876,true_endpoint,234,1.108,0.5414019015684286,0.541402
IMG_2739.jpg,6.0,18.353,Curved,True,True,RECONSTRUCTED,yolo,0.856,,32,1.1641,0.5414019015684286,0.541402
IMG_2739.jpg,6.1,29.034,Curved,True,True,RECONSTRUCTED,yolo,0.856,,48,1.2,0.5414019015684286,0.541402
IMG_2739.jpg,7,271.64,Curved,True,False,HIGH,yolo,0.785,true_endpoint,458,1.1007,0.5414019015684286,0.541402
IMG_2739.jpg,9,92.375,Straight,False,False,MEDIUM,yolo,0.619,true_endpoint,136,1.0735,0.5414019015684286,0.541402
IMG_2739.jpg,10.0,26.103,Curved,True,True,RECONSTRUCTED,yolo,0.536,,43,1.1128,0.5414019015684286,0.541402
IMG_2739.jpg,10.1,39.452,Curved,True,True,RECONSTRUCTED,yolo,0.536,,66,1.1565,0.5414019015684286,0.541402
IMG_2739.jpg,10.2,32.769,Curved,True,True,RECONSTRUCTED,yolo,0.536,,52,1.1418,0.5414019015684286,0.541402
IMG_2740.jpg,1,107.621,Curved,True,False,HIGH,yolo,0.923,true_endpoint,177,1.1202,0.5414019015684286,0.541402
IMG_2740.jpg,2,134.813,Curved,False,False,HIGH,yolo,0.917,true_endpoint,209,1.137,0.5414019015684286,0.541402
IMG_2740.jpg,4,200.381,Straight,True,False,HIGH,yolo,0.909,true_endpoint,292,1.0841,0.5414019015684286,0.541402
IMG_2740.jpg,5,149.229,Curved,False,False,HIGH,yolo,0.831,true_endpoint,229,1.118,0.5414019015684286,0.541402
IMG_2740.jpg,6,266.188,Curved,True,False,HIGH,yolo,0.786,true_endpoint,450,1.1071,0.5414019015684286,0.541402
IMG_2740.jpg,7.0,26.961,Curved,True,True,RECONSTRUCTED,yolo,0.777,,45,1.2029,0.5414019015684286,0.541402
IMG_2740.jpg,8.1,27.503,Curved,True,True,RECONSTRUCTED,yolo,0.777,,46,1.3043,0.5414019015684286,0.541402
IMG_2740.jpg,8.2,31.61,Curved,True,True,RECONSTRUCTED,yolo,0.777,,54,1.329,0.5414019015684286,0.541402
IMG_2740.jpg,9,80.56,Straight,False,False,MEDIUM,yolo,0.631,true_endpoint,144,1.0401,0.5414019015684286,0.541402
IMG_2740.jpg,10,92.02,Straight,True,False,MEDIUM,yolo,0.598,true_endpoint,137,1.0819,0.5414019015684286,0.541402
IMG_2741.jpg,1,139.593,Curved,False,False,HIGH,yolo,0.938,true_endpoint,217,1.1433,0.5414019015684286,0.541402
IMG_2741.jpg,2,200.195,Straight,True,False,HIGH,yolo,0.919,true_endpoint,290,1.0793,0.5414019015684286,0.541402
IMG_2741.jpg,3,109.322,Curved,True,False,HIGH,yolo,0.886,true_endpoint,176,1.116,0.5414019015684286,0.541402
IMG_2741.jpg,4,267.46,Curved,True,False,HIGH,yolo,0.846,true_endpoint,413,1.2055,0.5414019015684286,0.541402
IMG_2741.jpg,5,150.235,Curved,True,False,HIGH,yolo,0.832,true_endpoint,235,1.1055,0.5414019015684286,0.541402
IMG_2741.jpg,6.1,32.321,Curved,True,True,RECONSTRUCTED,yolo,0.787,,52,1.1614,0.5414019015684286,0.541402
IMG_2741.jpg,7.0,38.424,Curved,True,True,RECONSTRUCTED,yolo,0.763,,67,1.3855,0.5414019015684286,0.541402
IMG_2741.jpg,9,83.491,Straight,False,False,HIGH,yolo,0.71,true_endpoint,149,1.0418,0.5414019015684286,0.541402
IMG_2741.jpg,10,91.254,Straight,False,False,MEDIUM,yolo,0.524,true_endpoint,136,1.0793,0.5414019015684286,0.541402
IMG_2742.jpg,0,117.892,Curved,True,False,HIGH,yolo,0.925,true_endpoint,191,1.1474,0.5414019015684286,0.541402
IMG_2742.jpg,4,156.584,Curved,False,False,HIGH,yolo,0.85,true_endpoint,243,1.1186,0.5414019015684286,0.541402
IMG_2742.jpg,5.0,32.785,Curved,True,True,RECONSTRUCTED,yolo,0.758,,57,1.3578,0.5414019015684286,0.541402
IMG_2742.jpg,6,232.996,Curved,False,False,HIGH,yolo,0.712,true_endpoint,351,1.1497,0.5414019015684286,0.541402
IMG_2742.jpg,8,107.07,Curved,False,False,MEDIUM,yolo,0.689,true_endpoint,159,1.101,0.5414019015684286,0.541402
IMG_2742.jpg,9.1,28.996,Straight,True,True,RECONSTRUCTED,yolo,0.634,,50,1.082,0.5414019015684286,0.541402
IMG_2742.jpg,9.2,27.278,Curved,True,True,RECONSTRUCTED,yolo,0.634,,46,1.2256,0.5414019015684286,0.541402
IMG_2742.jpg,10,82.091,Straight,False,False,MEDIUM,yolo,0.629,true_endpoint,146,1.0394,0.5414019015684286,0.541402
IMG_2742.jpg,11,147.986,Curved,False,False,MEDIUM,yolo,0.553,true_endpoint,247,1.1012,0.5414019015684286,0.541402
IMG_2743.jpg,0,302.853,Curved,False,False,HIGH,yolo,0.909,true_endpoint,485,1.72,0.5414019015684286,0.541402
IMG_2743.jpg,1.2,17.943,Curved,True,True,RECONSTRUCTED,yolo,0.889,,30,1.1269,0.5414019015684286,0.541402
IMG_2743.jpg,1.3,29.444,Curved,True,True,RECONSTRUCTED,yolo,0.889,,50,1.1042,0.5414019015684286,0.541402
IMG_2743.jpg,2,109.956,Curved,True,False,HIGH,yolo,0.87,true_endpoint,178,1.1111,0.5414019015684286,0.541402
IMG_2743.jpg,4,140.9,Curved,True,False,HIGH,yolo,0.814,true_endpoint,219,1.1021,0.5414019015684286,0.541402
IMG_2743.jpg,6.3,26.961,Curved,True,True,RECONSTRUCTED,yolo,0.805,,45,1.2201,0.5414019015684286,0.541402
IMG_2743.jpg,7,76.322,Straight,False,False,HIGH,yolo,0.733,true_endpoint,137,1.0325,0.5414019015684286,0.541402
IMG_2743.jpg,8,101.842,Straight,False,False,MEDIUM,yolo,0.675,true_endpoint,151,1.0989,0.5414019015684286,0.541402
IMG_2743.jpg,9,221.419,Curved,True,False,MEDIUM,yolo,0.607,true_endpoint,335,1.1664,0.5414019015684286,0.541402
IMG_2743.jpg,10,161.383,Straight,True,False,MEDIUM,yolo,0.598,true_endpoint,285,1.0438,0.5414019015684286,0.541402
IMG_2743.jpg,11,140.275,Straight,False,False,MEDIUM,yolo,0.567,true_endpoint,234,1.0884,0.5414019015684286,0.541402
IMG_2743.jpg,12.6,23.751,Straight,True,True,RECONSTRUCTED,yolo,0.5,,37,1.0978,0.5414019015684286,0.541402
IMG_2744.jpg,0,108.873,Curved,True,False,HIGH,yolo,0.845,true_endpoint,176,1.115,0.5414019015684286,0.541402
IMG_2744.jpg,1,142.338,Straight,False,False,HIGH,yolo,0.823,true_endpoint,220,1.0986,0.5414019015684286,0.541402
IMG_2744.jpg,2.2,18.26,Curved,True,True,RECONSTRUCTED,yolo,0.811,,31,1.1771,0.5414019015684286,0.541402
IMG_2744.jpg,3,100.983,Straight,False,False,HIGH,yolo,0.713,true_endpoint,149,1.0943,0.5414019015684286,0.541402
IMG_2744.jpg,4.0,35.755,Curved,True,True,RECONSTRUCTED,yolo,0.694,,60,1.5653,0.5414019015684286,0.541402
IMG_2744.jpg,5,84.033,Straight,False,False,MEDIUM,yolo,0.632,true_endpoint,150,1.0365,0.5414019015684286,0.541402
IMG_2744.jpg,6,146.044,Straight,False,False,MEDIUM,yolo,0.631,true_endpoint,243,1.0941,0.5414019015684286,0.541402
IMG_2744.jpg,7,166.387,Straight,False,False,MEDIUM,yolo,0.619,true_endpoint,293,1.0512,0.5414019015684286,0.541402
IMG_2745.jpg,0,177.296,Curved,False,False,HIGH,yolo,0.916,true_endpoint,268,1.1213,0.5414019015684286,0.541402
IMG_2745.jpg,1.0,79.09,Curved,True,True,RECONSTRUCTED,yolo,0.849,,133,1.1148,0.5414019015684286,0.541402
IMG_2745.jpg,2.0,26.923,Straight,True,True,RECONSTRUCTED,yolo,0.806,,47,1.0687,0.5414019015684286,0.541402
IMG_2745.jpg,2.1,14.656,Curved,True,True,RECONSTRUCTED,yolo,0.806,,26,1.1564,0.5414019015684286,0.541402
IMG_2745.jpg,4,85.116,Straight,False,False,HIGH,yolo,0.713,true_endpoint,152,1.0422,0.5414019015684286,0.541402
IMG_2745.jpg,5,105.036,Straight,True,False,MEDIUM,yolo,0.639,true_endpoint,154,1.0974,0.5414019015684286,0.541402
IMG_2745.jpg,7,148.79,Straight,False,False,MEDIUM,yolo,0.636,true_endpoint,246,1.0914,0.5414019015684286,0.541402
IMG_2745.jpg,8.5,26.961,Curved,True,True,RECONSTRUCTED,yolo,0.589,,45,1.1086,0.5414019015684286,0.541402
IMG_2745.jpg,9,211.225,Curved,True,False,MEDIUM,yolo,0.576,true_endpoint,317,1.1227,0.5414019015684286,0.541402
IMG_2745.jpg,10,176.263,Straight,False,False,MEDIUM,yolo,0.539,true_endpoint,310,1.0517,0.5414019015684286,0.541402
IMG_2746.jpg,1,110.203,Straight,True,False,HIGH,yolo,0.906,true_endpoint,171,1.0994,0.5414019015684286,0.541402
IMG_2746.jpg,2,242.463,Curved,False,False,HIGH,yolo,0.857,true_endpoint,366,1.1627,0.5414019015684286,0.541402
IMG_2746.jpg,3,160.259,Curved,False,False,HIGH,yolo,0.852,true_endpoint,256,1.1634,0.5414019015684286,0.541402
IMG_2746.jpg,4.0,24.347,Curved,True,True,RECONSTRUCTED,yolo,0.849,,41,1.1243,0.5414019015684286,0.541402
IMG_2746.jpg,5,100.637,Curved,True,False,HIGH,yolo,0.846,true_endpoint,167,1.1392,0.5414019015684286,0.541402
IMG_2746.jpg,6.0,29.39,Curved,True,True,RECONSTRUCTED,yolo,0.78,,47,1.15,0.5414019015684286,0.541402
IMG_2746.jpg,8,85.208,Straight,False,False,MEDIUM,yolo,0.695,true_endpoint,153,1.0317,0.5414019015684286,0.541402
IMG_2746.jpg,10,151.42,Straight,True,False,MEDIUM,yolo,0.567,true_endpoint,255,1.0906,0.5414019015684286,0.541402
IMG_2746.jpg,11,178.56,Straight,False,False,MEDIUM,yolo,0.51,true_endpoint,313,1.0505,0.5414019015684286,0.541402
IMG_2747.jpg,1,139.708,Curved,False,False,HIGH,yolo,0.931,true_endpoint,211,1.1238,0.5414019015684286,0.541402
IMG_2747.jpg,2,105.385,Curved,True,False,HIGH,yolo,0.922,true_endpoint,165,1.1183,0.5414019015684286,0.541402
IMG_2747.jpg,3,156.338,Curved,True,False,HIGH,yolo,0.903,true_endpoint,250,1.1666,0.5414019015684286,0.541402
IMG_2747.jpg,4.0,33.775,Curved,True,True,RECONSTRUCTED,yolo,0.854,,58,1.4504,0.5414019015684286,0.541402
IMG_2747.jpg,5,98.827,Curved,True,False,HIGH,yolo,0.836,true_endpoint,162,1.1638,0.5414019015684286,0.541402
IMG_2747.jpg,6,108.873,Curved,False,False,HIGH,yolo,0.724,true_endpoint,176,1.1016,0.5414019015684286,0.541402
IMG_2747.jpg,7,85.116,Straight,False,False,HIGH,yolo,0.713,true_endpoint,152,1.0422,0.5414019015684286,0.541402
IMG_2747.jpg,8.0,14.246,Curved,True,True,RECONSTRUCTED,yolo,0.705,,24,1.2048,0.5414019015684286,0.541402
IMG_2747.jpg,11,158.311,Curved,True,False,MEDIUM,yolo,0.59,true_endpoint,264,1.1044,0.5414019015684286,0.541402
IMG_2748.jpg,0,137.078,Straight,True,False,HIGH,yolo,0.941,true_endpoint,202,1.098,0.5414019015684286,0.541402
IMG_2748.jpg,1,197.862,Curved,True,False,HIGH,yolo,0.929,true_endpoint,318,1.2008,0.5414019015684286,0.541402
IMG_2748.jpg,2,109.213,Curved,True,False,HIGH,yolo,0.925,true_endpoint,170,1.1027,0.5414019015684286,0.541402
IMG_2748.jpg,3.1,23.581,Curved,True,True,RECONSTRUCTED,yolo,0.885,,40,1.1165,0.5414019015684286,0.541402
IMG_2748.jpg,5,157.645,Curved,False,False,HIGH,yolo,0.866,true_endpoint,252,1.1653,0.5414019015684286,0.541402
IMG_2748.jpg,6.0,30.341,Curved,True,True,RECONSTRUCTED,yolo,0.79,,50,1.1921,0.5414019015684286,0.541402
IMG_2748.jpg,8,107.435,Straight,False,False,MEDIUM,yolo,0.688,true_endpoint,175,1.0801,0.5414019015684286,0.541402
IMG_2748.jpg,9,85.564,Straight,False,False,MEDIUM,yolo,0.658,true_endpoint,152,1.0401,0.5414019015684286,0.541402
IMG_2748.jpg,10,187.207,Straight,True,False,MEDIUM,yolo,0.577,true_endpoint,324,1.0733,0.5414019015684286,0.541402
IMG_2748.jpg,12,237.869,Curved,True,False,MEDIUM,yolo,0.534,true_endpoint,360,1.1168,0.5414019015684286,0.541402
IMG_2749.jpg,0,158.888,Straight,False,False,HIGH,yolo,0.93,true_endpoint,234,1.0989,0.5414019015684286,0.541402
IMG_2749.jpg,2,127.381,Curved,True,False,HIGH,yolo,0.922,true_endpoint,199,1.1335,0.5414019015684286,0.541402
IMG_2749.jpg,4,171.667,Curved,False,False,HIGH,yolo,0.898,true_endpoint,275,1.1531,0.5414019015684286,0.541402
IMG_2749.jpg,6.2,34.897,Curved,True,True,RECONSTRUCTED,yolo,0.862,,58,1.2827,0.5414019015684286,0.541402
IMG_2749.jpg,7.0,18.26,Curved,True,True,RECONSTRUCTED,yolo,0.808,,31,1.1714,0.5414019015684286,0.541402
IMG_2749.jpg,7.1,33.404,Curved,True,True,RECONSTRUCTED,yolo,0.808,,54,1.1753,0.5414019015684286,0.541402
IMG_2749.jpg,7.2,38.106,Straight,True,True,RECONSTRUCTED,yolo,0.808,,66,1.0766,0.5414019015684286,0.541402
IMG_2749.jpg,8,164.266,Straight,False,False,HIGH,yolo,0.777,true_endpoint,275,1.0841,0.5414019015684286,0.541402
IMG_2749.jpg,10,94.095,Straight,False,False,HIGH,yolo,0.717,true_endpoint,169,1.0309,0.5414019015684286,0.541402
IMG_2749.jpg,11,205.15,Straight,True,False,MEDIUM,yolo,0.678,true_endpoint,353,1.0793,0.5414019015684286,0.541402
IMG_2749.jpg,13,273.531,Curved,True,False,MEDIUM,yolo,0.546,true_endpoint,418,1.1207,0.5414019015684286,0.541402
IMG_2749.jpg,14,140.569,Curved,True,False,MEDIUM,yolo,0.513,true_endpoint,242,1.1688,0.5414019015684286,0.541402
IMG_2750.jpg,0,112.647,Curved,True,False,HIGH,yolo,0.939,true_endpoint,178,1.121,0.5414019015684286,0.541402
IMG_2750.jpg,1.0,39.321,Curved,True,True,RECONSTRUCTED,yolo,0.923,,67,1.1017,0.5414019015684286,0.541402
IMG_2750.jpg,2,138.254,Curved,True,False,HIGH,yolo,0.91,true_endpoint,205,1.1003,0.5414019015684286,0.541402
IMG_2750.jpg,3.1,45.315,Curved,True,True,RECONSTRUCTED,yolo,0.895,,76,1.2477,0.5414019015684286,0.541402
IMG_2750.jpg,4,155.665,Curved,False,False,HIGH,yolo,0.885,true_endpoint,250,1.1613,0.5414019015684286,0.541402
IMG_2750.jpg,7.0,32.02,Curved,True,True,RECONSTRUCTED,yolo,0.867,,56,1.1614,0.5414019015684286,0.541402
IMG_2750.jpg,9,144.83,Curved,False,False,HIGH,yolo,0.852,true_endpoint,242,1.1025,0.5414019015684286,0.541402
IMG_2750.jpg,10,34.672,Curved,True,False,HIGH,yolo,0.781,true_endpoint,58,1.1407,0.5414019015684286,0.541402
IMG_2750.jpg,11,79.029,Straight,False,False,HIGH,yolo,0.776,true_endpoint,142,1.0315,0.5414019015684286,0.541402
IMG_2750.jpg,13,237.738,Curved,True,False,HIGH,yolo,0.755,true_endpoint,361,1.1153,0.5414019015684286,0.541402
IMG_2750.jpg,15.0,30.604,Curved,True,True,RECONSTRUCTED,yolo,0.696,,48,1.1269,0.5414019015684286,0.541402
IMG_2750.jpg,16.0,23.581,Curved,True,True,RECONSTRUCTED,yolo,0.607,,40,1.232,0.5414019015684286,0.541402
IMG_2750.jpg,17.0,63.187,Curved,True,True,RECONSTRUCTED,yolo,0.567,,97,1.1896,0.5414019015684286,0.541402
IMG_2751.jpg,1,136.181,Curved,True,False,HIGH,yolo,0.939,true_endpoint,202,1.1032,0.5414019015684286,0.541402
IMG_2751.jpg,2.0,43.953,Curved,True,True,RECONSTRUCTED,yolo,0.938,,71,1.2616,0.5414019015684286,0.541402
IMG_2751.jpg,3,108.092,Curved,True,False,HIGH,yolo,0.914,true_endpoint,170,1.1049,0.5414019015684286,0.541402
IMG_2751.jpg,4,219.122,Curved,False,False,HIGH,yolo,0.899,true_endpoint,332,1.1406,0.5414019015684286,0.541402
IMG_2751.jpg,6,158.186,Curved,False,False,HIGH,yolo,0.886,true_endpoint,253,1.1696,0.5414019015684286,0.541402
IMG_2751.jpg,7.1,28.678,Curved,True,True,RECONSTRUCTED,yolo,0.878,,49,1.1036,0.5414019015684286,0.541402
IMG_2751.jpg,9.0,17.812,Curved,True,True,RECONSTRUCTED,yolo,0.852,,31,1.2534,0.5414019015684286,0.541402
IMG_2751.jpg,11,82.091,Straight,False,False,HIGH,yolo,0.816,true_endpoint,146,1.0394,0.5414019015684286,0.541402
IMG_2751.jpg,12,185.993,Straight,True,False,HIGH,yolo,0.792,true_endpoint,323,1.0734,0.5414019015684286,0.541402
IMG_2751.jpg,13,239.996,Curved,True,False,HIGH,yolo,0.752,true_endpoint,366,1.1228,0.5414019015684286,0.541402
IMG_2751.jpg,14,147.576,Curved,False,False,HIGH,yolo,0.752,true_endpoint,245,1.1144,0.5414019015684286,0.541402
IMG_2751.jpg,15,119.378,Curved,True,False,MEDIUM,yolo,0.565,true_endpoint,207,1.1752,0.5414019015684286,0.541402
IMG_2752.jpg,0,198.673,Curved,False,False,HIGH,yolo,0.956,true_endpoint,305,1.1432,0.5414019015684286,0.541402
IMG_2752.jpg,1,142.399,Curved,False,False,HIGH,yolo,0.95,true_endpoint,211,1.1041,0.5414019015684286,0.541402
IMG_2752.jpg,2,241.342,Curved,True,False,HIGH,yolo,0.947,true_endpoint,366,1.1194,0.5414019015684286,0.541402
IMG_2752.jpg,3.0,48.601,Curved,True,True,RECONSTRUCTED,yolo,0.938,,80,1.2372,0.5414019015684286,0.541402
IMG_2752.jpg,5,113.189,Curved,True,False,HIGH,yolo,0.91,true_endpoint,179,1.1181,0.5414019015684286,0.541402
IMG_2752.jpg,7.0,61.579,Straight,True,True,RECONSTRUCTED,yolo,0.88,,99,1.0879,0.5414019015684286,0.541402
IMG_2752.jpg,8,120.916,Straight,False,False,HIGH,yolo,0.874,true_endpoint,197,1.0956,0.5414019015684286,0.541402
IMG_2752.jpg,9,144.776,Curved,True,False,HIGH,yolo,0.865,true_endpoint,239,1.1059,0.5414019015684286,0.541402
IMG_2752.jpg,13.0,17.495,Curved,True,True,RECONSTRUCTED,yolo,0.81,,30,1.2001,0.5414019015684286,0.541402
IMG_2752.jpg,14,26.141,Curved,False,False,HIGH,yolo,0.794,true_endpoint,41,1.1444,0.5414019015684286,0.541402
IMG_2752.jpg,15,82.857,Straight,False,False,HIGH,yolo,0.781,true_endpoint,147,1.0412,0.5414019015684286,0.541402
IMG_2752.jpg,16,187.338,Straight,False,False,HIGH,yolo,0.763,true_endpoint,323,1.0743,0.5414019015684286,0.541402
IMG_2752.jpg,17,129.834,Curved,True,False,MEDIUM,yolo,0.588,true_endpoint,223,1.1715,0.5414019015684286,0.541402
IMG_2752.jpg,18,33.836,Straight,False,False,MEDIUM,yolo,0.52,true_endpoint,49,1.0611,0.5414019015684286,0.541402
IMG_2753.jpg,0,193.631,Curved,False,False,HIGH,yolo,0.965,true_endpoint,299,1.1533,0.5414019015684286,0.541402
IMG_2753.jpg,1,241.992,Curved,True,False,HIGH,yolo,0.959,true_endpoint,373,1.1298,0.5414019015684286,0.541402
IMG_2753.jpg,2,136.274,Curved,True,False,HIGH,yolo,0.941,true_endpoint,203,1.1046,0.5414019015684286,0.541402
IMG_2753.jpg,3.0,46.846,Curved,True,True,RECONSTRUCTED,yolo,0.935,,78,1.2069,0.5414019015684286,0.541402
IMG_2753.jpg,4,189.626,Curved,True,False,HIGH,yolo,0.925,true_endpoint,309,1.2113,0.5414019015684286,0.541402
IMG_2753.jpg,6,155.031,Curved,False,False,HIGH,yolo,0.912,true_endpoint,248,1.1637,0.5414019015684286,0.541402
IMG_2753.jpg,8.0,86.708,Curved,True,True,RECONSTRUCTED,yolo,0.903,,145,1.1232,0.5414019015684286,0.541402
IMG_2753.jpg,9,141.806,Straight,True,False,HIGH,yolo,0.898,true_endpoint,236,1.0964,0.5414019015684286,0.541402
IMG_2753.jpg,10,111.116,Curved,True,False,HIGH,yolo,0.896,true_endpoint,176,1.1085,0.5414019015684286,0.541402
IMG_2753.jpg,11.0,27.41,Curved,True,True,RECONSTRUCTED,yolo,0.867,,45,1.1701,0.5414019015684286,0.541402
IMG_2753.jpg,12,117.722,Straight,False,False,HIGH,yolo,0.847,true_endpoint,194,1.0805,0.5414019015684286,0.541402
IMG_2753.jpg,15,80.916,Straight,False,False,HIGH,yolo,0.785,true_endpoint,143,1.0442,0.5414019015684286,0.541402
IMG_2753.jpg,16,179.031,Straight,False,False,HIGH,yolo,0.714,true_endpoint,306,1.0868,0.5414019015684286,0.541402
IMG_2753.jpg,17,124.792,Curved,True,False,MEDIUM,yolo,0.673,true_endpoint,217,1.1699,0.5414019015684286,0.541402
IMG_2753.jpg,18,32.174,Curved,False,False,MEDIUM,yolo,0.543,true_endpoint,48,1.1486,0.5414019015684286,0.541402
IMG_2754.jpg,0,190.119,Curved,False,False,HIGH,yolo,0.962,true_endpoint,295,1.1466,0.5414019015684286,0.541402
IMG_2754.jpg,1,235.944,Curved,True,False,HIGH,yolo,0.947,true_endpoint,361,1.1183,0.5414019015684286,0.541402
IMG_2754.jpg,6,108.262,Curved,True,False,HIGH,yolo,0.919,true_endpoint,167,1.1041,0.5414019015684286,0.541402
IMG_2754.jpg,7,154.582,Curved,False,False,HIGH,yolo,0.901,true_endpoint,248,1.1537,0.5414019015684286,0.541402
IMG_2754.jpg,9.2,81.031,Straight,True,True,RECONSTRUCTED,yolo,0.889,,137,1.0969,0.5414019015684286,0.541402
IMG_2754.jpg,10.1,25.654,Curved,True,True,RECONSTRUCTED,yolo,0.88,,43,1.2465,0.5414019015684286,0.541402
IMG_2754.jpg,11,116.994,Straight,False,False,HIGH,yolo,0.878,true_endpoint,191,1.083,0.5414019015684286,0.541402
IMG_2754.jpg,12.0,16.188,Straight,True,True,RECONSTRUCTED,yolo,0.869,,28,1.0991,0.5414019015684286,0.541402
IMG_2754.jpg,12.1,32.151,Straight,True,True,RECONSTRUCTED,yolo,0.869,,55,1.0906,0.5414019015684286,0.541402
IMG_2754.jpg,13,145.634,Straight,False,False,HIGH,yolo,0.854,true_endpoint,241,1.0981,0.5414019015684286,0.541402
IMG_2754.jpg,14.5,12.491,Curved,True,True,RECONSTRUCTED,yolo,0.779,,22,1.1049,0.5414019015684286,0.541402
IMG_2754.jpg,15,178.637,Straight,True,False,HIGH,yolo,0.763,true_endpoint,309,1.0747,0.5414019015684286,0.541402
IMG_2754.jpg,16,78.673,Straight,False,False,HIGH,yolo,0.741,true_endpoint,143,1.0217,0.5414019015684286,0.541402
IMG_2754.jpg,17,32.174,Curved,False,False,MEDIUM,yolo,0.546,true_endpoint,48,1.1126,0.5414019015684286,0.541402
IMG_2755.jpg,0,139.731,Straight,False,False,HIGH,yolo,0.965,true_endpoint,204,1.0907,0.5414019015684286,0.541402
IMG_2755.jpg,1,186.957,Curved,True,False,HIGH,yolo,0.937,true_endpoint,302,1.1761,0.5414019015684286,0.541402
IMG_2755.jpg,2.2,33.234,Curved,True,True,RECONSTRUCTED,yolo,0.935,,57,1.3736,0.5414019015684286,0.541402
IMG_2755.jpg,3,183.92,Straight,False,False,HIGH,yolo,0.917,true_endpoint,320,1.0784,0.5414019015684286,0.541402
IMG_2755.jpg,4,199.849,Curved,False,False,HIGH,yolo,0.916,true_endpoint,308,1.1422,0.5414019015684286,0.541402
IMG_2755.jpg,5.1,40.573,Curved,True,True,RECONSTRUCTED,yolo,0.916,,66,1.2739,0.5414019015684286,0.541402
IMG_2755.jpg,6.0,37.379,Curved,True,True,RECONSTRUCTED,yolo,0.91,,63,1.2234,0.5414019015684286,0.541402
IMG_2755.jpg,7,138.625,Curved,False,False,HIGH,yolo,0.897,true_endpoint,209,1.1096,0.5414019015684286,0.541402
IMG_2755.jpg,9,119.74,Curved,False,False,HIGH,yolo,0.888,true_endpoint,194,1.1047,0.5414019015684286,0.541402
IMG_2755.jpg,10.2,29.111,Straight,True,True,RECONSTRUCTED,yolo,0.881,,44,1.0928,0.5414019015684286,0.541402
IMG_2755.jpg,11,160.576,Curved,True,False,HIGH,yolo,0.881,true_endpoint,257,1.1607,0.5414019015684286,0.541402
IMG_2755.jpg,12,128.172,Curved,True,False,HIGH,yolo,0.879,true_endpoint,222,1.1751,0.5414019015684286,0.541402
IMG_2755.jpg,13,152.58,Curved,True,False,HIGH,yolo,0.878,true_endpoint,253,1.1173,0.5414019015684286,0.541402
IMG_2755.jpg,14.7,11.222,Straight,True,True,RECONSTRUCTED,yolo,0.876,,18,1.0776,0.5414019015684286,0.541402
IMG_2755.jpg,15.0,13.032,Curved,True,True,RECONSTRUCTED,yolo,0.83,,23,1.136,0.5414019015684286,0.541402
IMG_2755.jpg,15.1,30.171,Straight,True,True,RECONSTRUCTED,yolo,0.83,,53,1.0621,0.5414019015684286,0.541402
IMG_2755.jpg,16,83.174,Straight,False,False,HIGH,yolo,0.774,true_endpoint,148,1.0481,0.5414019015684286,0.541402
IMG_2755.jpg,18,95.787,Curved,True,False,HIGH,yolo,0.749,true_endpoint,151,1.1348,0.5414019015684286,0.541402
IMG_2755.jpg,19,89.011,Straight,False,False,MEDIUM,yolo,0.671,true_endpoint,136,1.0973,0.5414019015684286,0.541402
IMG_2755.jpg,20,105.532,Curved,False,False,MEDIUM,yolo,0.67,true_endpoint,169,1.1014,0.5414019015684286,0.541402
IMG_2755.jpg,22,17.626,Curved,False,False,MEDIUM,yolo,0.541,true_endpoint,29,1.1928,0.5414019015684286,0.541402
IMG_2755.jpg,23,37.626,Straight,False,False,MEDIUM,yolo,0.506,true_endpoint,56,1.0989,0.5414019015684286,0.541402
IMG_2756.jpg,1,108.332,Straight,False,False,HIGH,yolo,0.914,true_endpoint,175,1.0813,0.5414019015684286,0.541402
IMG_2756.jpg,2,101.31,Straight,True,False,HIGH,yolo,0.902,true_endpoint,167,1.0889,0.5414019015684286,0.541402
IMG_2756.jpg,4.0,32.917,Straight,True,True,RECONSTRUCTED,yolo,0.892,,56,1.0989,0.5414019015684286,0.541402
IMG_2756.jpg,4.1,14.022,Curved,True,True,RECONSTRUCTED,yolo,0.892,,24,1.1064,0.5414019015684286,0.541402
IMG_2756.jpg,5,36.111,Curved,True,False,HIGH,yolo,0.877,true_endpoint,59,1.2055,0.5414019015684286,0.541402
IMG_2756.jpg,7,147.576,Curved,False,False,HIGH,yolo,0.858,true_endpoint,245,1.1109,0.5414019015684286,0.541402
IMG_2756.jpg,8.2,58.609,Curved,True,True,RECONSTRUCTED,yolo,0.852,,96,1.1428,0.5414019015684286,0.541402
IMG_2756.jpg,9.0,79.817,Straight,True,True,RECONSTRUCTED,yolo,0.846,,136,1.0916,0.5414019015684286,0.541402
IMG_2756.jpg,9.1,28.678,Curved,True,True,RECONSTRUCTED,yolo,0.846,,49,1.3301,0.5414019015684286,0.541402
IMG_2756.jpg,10,155.479,Curved,False,False,HIGH,yolo,0.844,true_endpoint,248,1.1636,0.5414019015684286,0.541402
IMG_2756.jpg,11,80.56,Straight,False,False,HIGH,yolo,0.826,true_endpoint,144,1.0356,0.5414019015684286,0.541402
IMG_2756.jpg,13,65.036,Straight,False,False,HIGH,yolo,0.817,true_endpoint,100,1.0828,0.5414019015684286,0.541402
IMG_2756.jpg,14.0,66.66,Curved,True,True,RECONSTRUCTED,yolo,0.809,,103,1.2386,0.5414019015684286,0.541402
IMG_2756.jpg,15,16.226,Curved,False,False,HIGH,yolo,0.799,true_endpoint,26,1.1553,0.5414019015684286,0.541402
IMG_2756.jpg,16,181.306,Straight,True,False,HIGH,yolo,0.77,true_endpoint,316,1.0697,0.5414019015684286,0.541402
IMG_2756.jpg,17,90.821,Curved,False,False,HIGH,yolo,0.765,true_endpoint,141,1.1065,0.5414019015684286,0.541402
IMG_2756.jpg,18.8,53.141,Curved,True,True,RECONSTRUCTED,yolo,0.754,,83,1.2595,0.5414019015684286,0.541402
IMG_2756.jpg,19,43.357,Straight,False,False,HIGH,yolo,0.748,true_endpoint,67,1.0961,0.5414019015684286,0.541402
IMG_2756.jpg,20,84.51,Curved,True,False,HIGH,yolo,0.724,true_endpoint,131,1.1276,0.5414019015684286,0.541402
IMG_2756.jpg,21.0,49.104,Curved,True,True,RECONSTRUCTED,yolo,0.715,,83,1.2533,0.5414019015684286,0.541402
IMG_2756.jpg,22,115.703,Curved,False,False,HIGH,yolo,0.713,true_endpoint,194,1.1265,0.5414019015684286,0.541402
IMG_2756.jpg,24,32.174,Curved,False,False,MEDIUM,yolo,0.549,true_endpoint,48,1.1087,0.5414019015684286,0.541402
IMG_2757.jpg,0,99.09,Curved,True,False,HIGH,yolo,0.914,true_endpoint,160,1.1703,0.5414019015684286,0.541402
IMG_2757.jpg,1,148.697,Curved,True,False,HIGH,yolo,0.892,true_endpoint,245,1.1043,0.5414019015684286,0.541402
IMG_2757.jpg,2.0,42.739,Curved,True,True,RECONSTRUCTED,yolo,0.884,,70,1.2537,0.5414019015684286,0.541402
IMG_2757.jpg,5,182.466,Straight,True,False,HIGH,yolo,0.872,true_endpoint,314,1.0836,0.5414019015684286,0.541402
IMG_2757.jpg,6.1,16.636,Curved,True,True,RECONSTRUCTED,yolo,0.869,,28,1.1031,0.5414019015684286,0.541402
IMG_2757.jpg,6.2,29.761,Straight,True,True,RECONSTRUCTED,yolo,0.869,,51,1.0959,0.5414019015684286,0.541402
IMG_2757.jpg,7,104.123,Straight,False,False,HIGH,yolo,0.869,true_endpoint,149,1.0666,0.5414019015684286,0.541402
IMG_2757.jpg,8,132.91,Curved,False,False,HIGH,yolo,0.865,true_endpoint,203,1.118,0.5414019015684286,0.541402
IMG_2757.jpg,9,111.302,Straight,False,False,HIGH,yolo,0.865,true_endpoint,178,1.0977,0.5414019015684286,0.541402
IMG_2757.jpg,10,172.147,Curved,True,False,HIGH,yolo,0.841,true_endpoint,285,1.2615,0.5414019015684286,0.541402
IMG_2757.jpg,11.0,19.475,Curved,True,True,RECONSTRUCTED,yolo,0.84,,32,1.1652,0.5414019015684286,0.541402
IMG_2757.jpg,12,82.501,Straight,False,False,HIGH,yolo,0.827,true_endpoint,148,1.0326,0.5414019015684286,0.541402
IMG_2757.jpg,14.1,44.866,Curved,True,True,RECONSTRUCTED,yolo,0.802,,76,1.1351,0.5414019015684286,0.541402
IMG_2757.jpg,17.0,32.715,Curved,True,True,RECONSTRUCTED,yolo,0.707,,49,1.3044,0.5414019015684286,0.541402
IMG_2757.jpg,18,35.553,Curved,False,False,HIGH,yolo,0.702,true_endpoint,53,1.1092,0.5414019015684286,0.541402
IMG_2757.jpg,20.1,46.327,Straight,True,True,RECONSTRUCTED,yolo,0.69,,70,1.0969,0.5414019015684286,0.541402
IMG_2757.jpg,21,48.47,Straight,False,False,MEDIUM,yolo,0.685,true_endpoint,81,1.0986,0.5414019015684286,0.541402
IMG_2757.jpg,22,96.886,Straight,False,False,MEDIUM,yolo,0.629,true_endpoint,158,1.084,0.5414019015684286,0.541402
IMG_2757.jpg,23,85.779,Curved,True,False,MEDIUM,yolo,0.623,true_endpoint,135,1.1415,0.5414019015684286,0.541402
IMG_2757.jpg,24,90.094,Curved,False,False,MEDIUM,yolo,0.601,true_endpoint,138,1.1007,0.5414019015684286,0.541402
IMG_2758.jpg,0,104.132,Curved,False,False,HIGH,yolo,0.925,true_endpoint,166,1.1993,0.5414019015684286,0.541402
IMG_2758.jpg,1.0,23.899,Curved,True,True,RECONSTRUCTED,yolo,0.921,,41,1.1036,0.5414019015684286,0.541402
IMG_2758.jpg,2,187.377,Straight,False,False,HIGH,yolo,0.897,true_endpoint,321,1.0879,0.5414019015684286,0.541402
IMG_2758.jpg,3,104.712,Straight,False,False,HIGH,yolo,0.893,true_endpoint,165,1.0854,0.5414019015684286,0.541402
IMG_2758.jpg,4.2,26.157,Straight,True,True,RECONSTRUCTED,yolo,0.893,,46,1.0642,0.5414019015684286,0.541402
IMG_2758.jpg,4.3,14.563,Curved,True,True,RECONSTRUCTED,yolo,0.893,,25,1.1317,0.5414019015684286,0.541402
IMG_2758.jpg,5,137.241,Curved,False,False,HIGH,yolo,0.89,true_endpoint,211,1.1348,0.5414019015684286,0.541402
IMG_2758.jpg,8,104.533,Straight,False,False,HIGH,yolo,0.884,true_endpoint,151,1.0749,0.5414019015684286,0.541402
IMG_2758.jpg,9,54.371,Curved,False,False,HIGH,yolo,0.861,true_endpoint,89,1.1221,0.5414019015684286,0.541402
IMG_2758.jpg,10,95.185,Straight,True,False,HIGH,yolo,0.858,true_endpoint,159,1.0737,0.5414019015684286,0.541402
IMG_2758.jpg,11,150.376,Curved,False,False,HIGH,yolo,0.847,true_endpoint,251,1.1011,0.5414019015684286,0.541402
IMG_2758.jpg,12,165.983,Curved,True,False,HIGH,yolo,0.843,true_endpoint,279,1.2408,0.5414019015684286,0.541402
IMG_2758.jpg,13,99.413,Straight,False,False,HIGH,yolo,0.815,true_endpoint,149,1.0871,0.5414019015684286,0.541402
IMG_2758.jpg,15,76.376,Straight,False,False,HIGH,yolo,0.799,true_endpoint,140,1.0142,0.5414019015684286,0.541402
IMG_2758.jpg,16.0,67.666,Curved,True,True,RECONSTRUCTED,yolo,0.76,,109,1.2645,0.5414019015684286,0.541402
IMG_2758.jpg,17.0,54.262,Curved,True,True,RECONSTRUCTED,yolo,0.758,,83,1.1434,0.5414019015684286,0.541402
IMG_2758.jpg,18,139.224,Straight,False,False,HIGH,yolo,0.733,true_endpoint,242,1.0533,0.5414019015684286,0.541402
IMG_2758.jpg,20,24.889,Curved,False,False,HIGH,yolo,0.71,true_endpoint,42,1.1418,0.5414019015684286,0.541402
IMG_2758.jpg,22,111.385,Straight,True,False,MEDIUM,yolo,0.686,true_endpoint,162,1.0799,0.5414019015684286,0.541402
IMG_2758.jpg,23,97.52,Straight,False,False,MEDIUM,yolo,0.663,true_endpoint,160,1.0826,0.5414019015684286,0.541402
IMG_2758.jpg,26,131.356,Curved,True,False,MEDIUM,yolo,0.623,true_endpoint,208,1.1333,0.5414019015684286,0.541402
IMG_2758.jpg,28,37.533,Curved,False,False,MEDIUM,yolo,0.596,true_endpoint,55,1.1145,0.5414019015684286,0.541402
IMG_2758.jpg,30,88.053,Curved,True,False,MEDIUM,yolo,0.501,true_endpoint,145,1.1143,0.5414019015684286,0.541402
IMG_2759.jpg,0,145.625,Curved,False,False,HIGH,yolo,0.932,true_endpoint,224,1.1387,0.5414019015684286,0.541402
IMG_2759.jpg,1,104.767,Curved,True,False,HIGH,yolo,0.93,true_endpoint,168,1.1714,0.5414019015684286,0.541402
IMG_2759.jpg,2,109.059,Curved,True,False,HIGH,yolo,0.93,true_endpoint,178,1.1405,0.5414019015684286,0.541402
IMG_2759.jpg,3,93.884,Curved,True,False,HIGH,yolo,0.909,true_endpoint,145,1.1197,0.5414019015684286,0.541402
IMG_2759.jpg,4,102.816,Straight,False,False,HIGH,yolo,0.88,true_endpoint,147,1.0656,0.5414019015684286,0.541402
IMG_2759.jpg,6,117.257,Straight,True,False,HIGH,yolo,0.877,true_endpoint,189,1.0888,0.5414019015684286,0.541402
IMG_2759.jpg,7.0,35.268,Straight,True,True,RECONSTRUCTED,yolo,0.874,,62,1.0538,0.5414019015684286,0.541402
IMG_2759.jpg,8.1,51.385,Curved,True,True,RECONSTRUCTED,yolo,0.868,,81,1.1996,0.5414019015684286,0.541402
IMG_2759.jpg,11,46.436,Straight,False,False,HIGH,yolo,0.851,true_endpoint,76,1.0974,0.5414019015684286,0.541402
IMG_2759.jpg,14,17.626,Curved,True,False,HIGH,yolo,0.814,true_endpoint,29,1.1069,0.5414019015684286,0.541402
IMG_2759.jpg,15,89.617,Straight,False,False,HIGH,yolo,0.807,true_endpoint,157,1.0786,0.5414019015684286,0.541402
IMG_2759.jpg,17,105.045,Curved,False,False,HIGH,yolo,0.805,true_endpoint,171,1.1029,0.5414019015684286,0.541402
IMG_2759.jpg,18,140.608,Straight,False,False,HIGH,yolo,0.805,true_endpoint,240,1.0688,0.5414019015684286,0.541402
IMG_2759.jpg,19,158.125,Curved,False,False,HIGH,yolo,0.804,true_endpoint,262,1.1031,0.5414019015684286,0.541402
IMG_2759.jpg,20,187.207,Straight,False,False,HIGH,yolo,0.793,true_endpoint,324,1.0873,0.5414019015684286,0.541402
IMG_2759.jpg,21.0,22.909,Straight,True,True,RECONSTRUCTED,yolo,0.784,,40,1.085,0.5414019015684286,0.541402
IMG_2759.jpg,22,153.073,Curved,False,False,HIGH,yolo,0.766,true_endpoint,239,1.162,0.5414019015684286,0.541402
IMG_2759.jpg,23,72.144,Curved,True,False,HIGH,yolo,0.744,true_endpoint,121,1.2139,0.5414019015684286,0.541402
IMG_2759.jpg,24.0,38.609,Straight,True,True,RECONSTRUCTED,yolo,0.706,,69,1.0469,0.5414019015684286,0.541402
IMG_2759.jpg,25.0,44.866,Curved,True,True,RECONSTRUCTED,yolo,0.703,,76,1.1643,0.5414019015684286,0.541402
IMG_2759.jpg,26,30.975,Straight,False,False,MEDIUM,yolo,0.687,true_endpoint,52,1.0762,0.5414019015684286,0.541402
IMG_2759.jpg,29,31.446,Straight,False,False,MEDIUM,yolo,0.634,true_endpoint,45,1.0804,0.5414019015684286,0.541402
IMG_2759.jpg,31,21.006,Curved,False,False,MEDIUM,yolo,0.586,true_endpoint,34,1.1252,0.5414019015684286,0.541402
IMG_2760.jpg,0,103.767,Straight,False,False,HIGH,yolo,0.932,true_endpoint,150,1.0755,0.5414019015684286,0.541402
IMG_2760.jpg,1,50.636,Straight,False,False,HIGH,yolo,0.917,true_endpoint,85,1.0955,0.5414019015684286,0.541402
IMG_2760.jpg,2.0,25.6,Curved,True,True,RECONSTRUCTED,yolo,0.912,,40,1.173,0.5414019015684286,0.541402
IMG_2760.jpg,3.0,17.85,Curved,True,True,RECONSTRUCTED,yolo,0.91,,29,1.1836,0.5414019015684286,0.541402
IMG_2760.jpg,4,102.918,Curved,False,False,HIGH,yolo,0.907,true_endpoint,165,1.191,0.5414019015684286,0.541402
IMG_2760.jpg,5,86.135,Curved,False,False,HIGH,yolo,0.906,true_endpoint,134,1.1173,0.5414019015684286,0.541402
IMG_2760.jpg,6.0,37.286,Curved,True,True,RECONSTRUCTED,yolo,0.9,,62,1.2932,0.5414019015684286,0.541402
IMG_2760.jpg,7,99.724,Straight,False,False,HIGH,yolo,0.895,true_endpoint,162,1.0966,0.5414019015684286,0.541402
IMG_2760.jpg,8,110.853,Straight,False,False,HIGH,yolo,0.886,true_endpoint,178,1.0859,0.5414019015684286,0.541402
IMG_2760.jpg,10,48.323,Curved,False,False,HIGH,yolo,0.861,true_endpoint,77,1.1178,0.5414019015684286,0.541402
IMG_2760.jpg,11.0,29.985,Curved,True,True,RECONSTRUCTED,yolo,0.853,,51,1.1155,0.5414019015684286,0.541402
IMG_2760.jpg,13,31.895,Straight,False,False,HIGH,yolo,0.85,true_endpoint,45,1.0947,0.5414019015684286,0.541402
IMG_2760.jpg,14.1,80.304,Curved,True,True,RECONSTRUCTED,yolo,0.831,,134,1.1232,0.5414019015684286,0.541402
IMG_2760.jpg,16.0,41.733,Curved,True,True,RECONSTRUCTED,yolo,0.803,,64,1.107,0.5414019015684286,0.541402
IMG_2760.jpg,17,158.311,Straight,False,False,HIGH,yolo,0.802,true_endpoint,264,1.0963,0.5414019015684286,0.541402
IMG_2760.jpg,19,187.563,Straight,False,False,HIGH,yolo,0.789,true_endpoint,323,1.0791,0.5414019015684286,0.541402
IMG_2760.jpg,20.0,22.274,Curved,True,True,RECONSTRUCTED,yolo,0.785,,38,1.2354,0.5414019015684286,0.541402
IMG_2760.jpg,20.2,32.244,Straight,True,True,RECONSTRUCTED,yolo,0.785,,56,1.0961,0.5414019015684286,0.541402
IMG_2760.jpg,21.3,12.398,Curved,True,True,RECONSTRUCTED,yolo,0.784,,21,1.1108,0.5414019015684286,0.541402
IMG_2760.jpg,22.0,62.569,Curved,True,True,RECONSTRUCTED,yolo,0.768,,100,1.1485,0.5414019015684286,0.541402
IMG_2760.jpg,23,82.988,Straight,False,False,HIGH,yolo,0.726,true_endpoint,146,1.0508,0.5414019015684286,0.541402
IMG_2760.jpg,24,146.445,Curved,False,False,HIGH,yolo,0.703,true_endpoint,228,1.159,0.5414019015684286,0.541402
IMG_2760.jpg,27,48.098,Curved,False,False,MEDIUM,yolo,0.687,true_endpoint,77,1.1097,0.5414019015684286,0.541402
IMG_2760.jpg,29,36.838,Curved,False,False,MEDIUM,yolo,0.614,true_endpoint,62,1.1177,0.5414019015684286,0.541402
IMG_2760.jpg,30,51.965,Straight,False,False,MEDIUM,yolo,0.613,true_endpoint,80,1.095,0.5414019015684286,0.541402
IMG_2760.jpg,32.0,62.345,Curved,True,True,RECONSTRUCTED,yolo,0.579,,100,1.1167,0.5414019015684286,0.541402
IMG_2760.jpg,34,19.83,Straight,False,False,MEDIUM,yolo,0.548,true_endpoint,31,1.0773,0.5414019015684286,0.541402
IMG_2760.jpg,35,41.733,Straight,False,False,MEDIUM,yolo,0.532,true_endpoint,64,1.0984,0.5414019015684286,0.541402
IMG_2760.jpg,37.1,16.899,Straight,True,True,RECONSTRUCTED,yolo,0.527,,26,1.0821,0.5414019015684286,0.541402
IMG_2761.jpg,0,104.03,Straight,False,False,HIGH,yolo,0.952,true_endpoint,148,1.0615,0.5414019015684286,0.541402
IMG_2761.jpg,1,103.142,Curved,False,False,HIGH,yolo,0.934,true_endpoint,165,1.1019,0.5414019015684286,0.541402
IMG_2761.jpg,2,89.514,Straight,False,False,HIGH,yolo,0.929,true_endpoint,139,1.0874,0.5414019015684286,0.541402
IMG_2761.jpg,3.0,43.505,Curved,True,True,RECONSTRUCTED,yolo,0.917,,71,1.2276,0.5414019015684286,0.541402
IMG_2761.jpg,4,111.936,Straight,False,False,HIGH,yolo,0.916,true_endpoint,180,1.085,0.5414019015684286,0.541402
IMG_2761.jpg,5,48.006,Curved,False,False,HIGH,yolo,0.908,true_endpoint,76,1.118,0.5414019015684286,0.541402
IMG_2761.jpg,6.0,17.533,Curved,True,True,RECONSTRUCTED,yolo,0.905,,28,1.2069,0.5414019015684286,0.541402
IMG_2761.jpg,10,102.377,Curved,True,False,HIGH,yolo,0.891,true_endpoint,164,1.1575,0.5414019015684286,0.541402
IMG_2761.jpg,12,55.322,Curved,True,False,HIGH,yolo,0.869,true_endpoint,92,1.1029,0.5414019015684286,0.541402
IMG_2761.jpg,14.0,14.246,Curved,True,True,RECONSTRUCTED,yolo,0.848,,24,1.1398,0.5414019015684286,0.541402
IMG_2761.jpg,15.1,11.091,Curved,True,True,RECONSTRUCTED,yolo,0.837,,19,1.1907,0.5414019015684286,0.541402
IMG_2761.jpg,15.2,38.392,Straight,True,True,RECONSTRUCTED,yolo,0.837,,57,1.0837,0.5414019015684286,0.541402
IMG_2761.jpg,17,109.13,Straight,False,False,HIGH,yolo,0.819,true_endpoint,186,1.0778,0.5414019015684286,0.541402
IMG_2761.jpg,18.0,62.569,Curved,True,True,RECONSTRUCTED,yolo,0.817,,100,1.1106,0.5414019015684286,0.541402
IMG_2761.jpg,19.3,31.068,Curved,True,True,RECONSTRUCTED,yolo,0.804,,53,1.1558,0.5414019015684286,0.541402
IMG_2761.jpg,19.4,18.353,Curved,True,True,RECONSTRUCTED,yolo,0.804,,32,1.4982,0.5414019015684286,0.541402
IMG_2761.jpg,20,142.325,Curved,False,False,HIGH,yolo,0.788,true_endpoint,244,1.1878,0.5414019015684286,0.541402
IMG_2761.jpg,21,151.046,Curved,True,False,HIGH,yolo,0.761,true_endpoint,222,1.33,0.5414019015684286,0.541402
IMG_2761.jpg,22,188.831,Straight,True,False,HIGH,yolo,0.74,true_endpoint,327,1.0793,0.5414019015684286,0.541402
IMG_2761.jpg,23,36.543,Curved,False,False,HIGH,yolo,0.733,true_endpoint,54,1.1284,0.5414019015684286,0.541402
IMG_2761.jpg,24,40.666,Curved,False,False,HIGH,yolo,0.721,true_endpoint,67,1.1311,0.5414019015684286,0.541402
IMG_2761.jpg,26,81.326,Straight,False,False,MEDIUM,yolo,0.693,true_endpoint,145,1.0375,0.5414019015684286,0.541402
IMG_2761.jpg,30,37.085,Straight,False,False,MEDIUM,yolo,0.636,true_endpoint,55,1.0691,0.5414019015684286,0.541402
IMG_2761.jpg,31,58.238,Curved,False,False,MEDIUM,yolo,0.592,true_endpoint,92,1.1187,0.5414019015684286,0.541402
IMG_2761.jpg,32,88.217,Straight,True,False,MEDIUM,yolo,0.586,true_endpoint,154,1.0521,0.5414019015684286,0.541402
IMG_2761.jpg,33.0,71.882,Curved,True,True,RECONSTRUCTED,yolo,0.537,,123,1.2209,0.5414019015684286,0.541402
IMG_2761.jpg,35.0,65.686,Curved,True,True,RECONSTRUCTED,yolo,0.528,,107,1.1057,0.5414019015684286,0.541402
IMG_2762.jpg,0,18.84,Curved,True,False,HIGH,yolo,0.938,true_endpoint,30,1.2086,0.5414019015684286,0.541402
IMG_2762.jpg,1,107.371,Straight,False,False,HIGH,yolo,0.923,true_endpoint,155,1.0746,0.5414019015684286,0.541402
IMG_2762.jpg,3,157.545,Straight,False,False,HIGH,yolo,0.918,true_endpoint,263,1.0997,0.5414019015684286,0.541402
IMG_2762.jpg,5,104.914,Straight,False,False,HIGH,yolo,0.891,true_endpoint,172,1.0982,0.5414019015684286,0.541402
IMG_2762.jpg,6,49.22,Straight,False,False,HIGH,yolo,0.876,true_endpoint,77,1.0984,0.5414019015684286,0.541402
IMG_2762.jpg,9,100.938,Curved,True,False,HIGH,yolo,0.834,true_endpoint,163,1.178,0.5414019015684286,0.541402
IMG_2762.jpg,10.0,46.753,Curved,True,True,RECONSTRUCTED,yolo,0.823,,77,1.2401,0.5414019015684286,0.541402
IMG_2762.jpg,11,184.314,Straight,False,False,HIGH,yolo,0.819,true_endpoint,317,1.0806,0.5414019015684286,0.541402
IMG_2762.jpg,12.2,32.375,Straight,True,True,RECONSTRUCTED,yolo,0.814,,55,1.0954,0.5414019015684286,0.541402
IMG_2762.jpg,18,78.804,Straight,False,False,HIGH,yolo,0.738,true_endpoint,142,1.0321,0.5414019015684286,0.541402
IMG_2762.jpg,19.1,24.664,Curved,True,True,RECONSTRUCTED,yolo,0.736,,42,1.1964,0.5414019015684286,0.541402
IMG_2762.jpg,20,38.593,Curved,False,False,HIGH,yolo,0.722,true_endpoint,64,1.1556,0.5414019015684286,0.541402
IMG_2762.jpg,21,40.147,Curved,False,False,HIGH,yolo,0.717,true_endpoint,59,1.126,0.5414019015684286,0.541402
IMG_2762.jpg,22,119.638,Straight,False,False,HIGH,yolo,0.712,true_endpoint,176,1.0994,0.5414019015684286,0.541402
IMG_2762.jpg,24,146.538,Curved,False,False,MEDIUM,yolo,0.686,true_endpoint,229,1.1672,0.5414019015684286,0.541402
IMG_2762.jpg,25,103.373,Straight,False,False,MEDIUM,yolo,0.667,true_endpoint,153,1.0757,0.5414019015684286,0.541402
IMG_2762.jpg,26,85.494,Straight,False,False,MEDIUM,yolo,0.656,true_endpoint,144,1.0776,0.5414019015684286,0.541402
IMG_2762.jpg,27,101.976,Straight,False,False,MEDIUM,yolo,0.617,true_endpoint,179,1.0479,0.5414019015684286,0.541402
IMG_2762.jpg,29,54.092,Curved,False,False,MEDIUM,yolo,0.587,true_endpoint,86,1.1206,0.5414019015684286,0.541402
IMG_2762.jpg,30,37.216,Straight,False,False,MEDIUM,yolo,0.577,true_endpoint,54,1.0606,0.5414019015684286,0.541402
IMG_2762.jpg,31,67.496,Curved,True,False,MEDIUM,yolo,0.57,true_endpoint,112,1.2019,0.5414019015684286,0.541402
IMG_2762.jpg,32,94.358,Straight,False,False,MEDIUM,yolo,0.565,true_endpoint,167,1.0462,0.5414019015684286,0.541402
IMG_2762.jpg,33,66.955,Curved,True,False,MEDIUM,yolo,0.564,true_endpoint,111,1.1986,0.5414019015684286,0.541402
IMG_2762.jpg,34,41.602,Curved,False,False,MEDIUM,yolo,0.552,true_endpoint,65,1.1668,0.5414019015684286,0.541402
IMG_2763.jpg,1,64.571,Straight,False,False,HIGH,yolo,0.883,true_endpoint,95,1.0922,0.5414019015684286,0.541402
IMG_2763.jpg,2,92.647,Straight,False,False,HIGH,yolo,0.866,true_endpoint,151,1.0886,0.5414019015684286,0.541402
IMG_2763.jpg,3,34.989,Curved,False,False,HIGH,yolo,0.703,true_endpoint,59,1.1768,0.5414019015684286,0.541402
IMG_2763.jpg,5.1,30.078,Straight,True,True,RECONSTRUCTED,yolo,0.646,,52,1.0804,0.5414019015684286,0.541402
IMG_2763.jpg,6.1,27.711,Straight,True,True,RECONSTRUCTED,yolo,0.645,,41,1.0802,0.5414019015684286,0.541402
IMG_2763.jpg,7.2,69.181,Curved,True,True,RECONSTRUCTED,yolo,0.61,,106,1.1019,0.5414019015684286,0.541402
IMG_2763.jpg,8.3,35.886,Curved,True,True,RECONSTRUCTED,yolo,0.605,,59,1.2246,0.5414019015684286,0.541402
IMG_2763.jpg,9.4,13.519,Straight,True,True,RECONSTRUCTED,yolo,0.588,,21,1.0847,0.5414019015684286,0.541402
IMG_2763.jpg,10,83.466,Curved,False,False,MEDIUM,yolo,0.519,true_endpoint,127,1.107,0.5414019015684286,0.541402
IMG_2763.jpg,11.2,51.533,Curved,True,True,RECONSTRUCTED,yolo,0.502,,85,1.2037,0.5414019015684286,0.541402
IMG_2763.jpg,11.4,11.632,Curved,True,True,RECONSTRUCTED,yolo,0.502,,20,1.1246,0.5414019015684286,0.541402
IMG_2764.jpg,0,251.993,Curved,True,False,HIGH,yolo,0.911,true_endpoint,401,1.1866,0.5414019015684286,0.541402
IMG_2764.jpg,2,120.506,Curved,True,False,HIGH,yolo,0.782,true_endpoint,195,1.2207,0.5414019015684286,0.541402
IMG_2764.jpg,3,81.563,Curved,True,False,HIGH,yolo,0.731,true_endpoint,121,1.5218,0.5414019015684286,0.541402
IMG_2764.jpg,4,36.636,Curved,False,False,MEDIUM,yolo,0.699,true_endpoint,55,1.1129,0.5414019015684286,0.541402
IMG_2765.jpg,0,105.33,Curved,True,False,HIGH,yolo,0.893,true_endpoint,162,1.3309,0.5414019015684286,0.541402
IMG_2765.jpg,2.1,14.973,Straight,True,True,RECONSTRUCTED,yolo,0.636,,27,1.0637,0.5414019015684286,0.541402
IMG_2766.jpg,1.1,56.389,Curved,True,True,RECONSTRUCTED,yolo,0.806,,89,1.1765,0.5414019015684286,0.541402
IMG_2766.jpg,1.2,63.992,Curved,True,True,RECONSTRUCTED,yolo,0.806,,96,1.2467,0.5414019015684286,0.541402
IMG_2766.jpg,1.3,41.656,Curved,True,True,RECONSTRUCTED,yolo,0.806,,68,1.5689,0.5414019015684286,0.541402
IMG_2766.jpg,3.1,39.436,Curved,True,True,RECONSTRUCTED,yolo,0.754,,61,1.2241,0.5414019015684286,0.541402
IMG_2767.jpg,1.0,44.719,Curved,True,True,RECONSTRUCTED,yolo,0.848,,72,1.2263,0.5414019015684286,0.541402
IMG_2767.jpg,2.0,63.636,Curved,True,True,RECONSTRUCTED,yolo,0.826,,97,1.257,0.5414019015684286,0.541402
IMG_2767.jpg,2.1,62.608,Curved,True,True,RECONSTRUCTED,yolo,0.826,,98,1.1461,0.5414019015684286,0.541402
IMG_2767.jpg,2.2,48.64,Curved,True,True,RECONSTRUCTED,yolo,0.826,,78,1.2176,0.5414019015684286,0.541402
IMG_2767.jpg,3.0,41.787,Curved,True,True,RECONSTRUCTED,yolo,0.781,,67,1.1874,0.5414019015684286,0.541402
IMG_2767.jpg,4,56.204,Curved,False,False,HIGH,yolo,0.769,true_endpoint,87,1.17,0.5414019015684286,0.541402
IMG_2767.jpg,5.0,39.08,Curved,True,True,RECONSTRUCTED,yolo,0.725,,62,1.2347,0.5414019015684286,0.541402
IMG_2768.jpg,3.1,38.779,Curved,True,True,RECONSTRUCTED,yolo,0.686,,66,1.1158,0.5414019015684286,0.541402
IMG_2768.jpg,4.2,37.402,Straight,True,True,RECONSTRUCTED,yolo,0.663,,56,1.0862,0.5414019015684286,0.541402
IMG_2769.jpg,2,67.967,Curved,True,False,HIGH,yolo,0.84,true_endpoint,105,1.268,0.5414019015684286,0.541402
IMG_2769.jpg,5,36.242,Curved,False,False,HIGH,yolo,0.734,true_endpoint,58,1.1243,0.5414019015684286,0.541402
IMG_2769.jpg,6,27.487,Curved,False,False,HIGH,yolo,0.729,true_endpoint,41,1.1197,0.5414019015684286,0.541402
IMG_2769.jpg,8,88.726,Curved,True,False,MEDIUM,yolo,0.694,true_endpoint,145,1.1284,0.5414019015684286,0.541402
IMG_2770.jpg,0,90.953,Straight,False,False,HIGH,yolo,0.917,true_endpoint,140,1.094,0.5414019015684286,0.541402
IMG_2770.jpg,1.1,49.165,Curved,True,True,RECONSTRUCTED,yolo,0.863,,74,1.1945,0.5414019015684286,0.541402
IMG_2770.jpg,1.2,24.2,Curved,True,True,RECONSTRUCTED,yolo,0.863,,37,1.3447,0.5414019015684286,0.541402
IMG_2770.jpg,4,84.619,Curved,False,False,HIGH,yolo,0.77,true_endpoint,137,1.1219,0.5414019015684286,0.541402
IMG_2770.jpg,10.3,27.0,Curved,True,True,RECONSTRUCTED,yolo,0.653,,43,1.1378,0.5414019015684286,0.541402
IMG_2770.jpg,11,31.408,Straight,False,False,MEDIUM,yolo,0.625,true_endpoint,47,1.0938,0.5414019015684286,0.541402
IMG_2770.jpg,13.1,51.161,Curved,True,True,RECONSTRUCTED,yolo,0.595,,81,1.1534,0.5414019015684286,0.541402
IMG_2770.jpg,13.2,38.725,Curved,True,True,RECONSTRUCTED,yolo,0.595,,63,2.0813,0.5414019015684286,0.541402
IMG_2770.jpg,13.3,17.27,Curved,True,True,RECONSTRUCTED,yolo,0.595,,30,1.1208,0.5414019015684286,0.541402
IMG_2770.jpg,15.5,15.646,Straight,True,True,RECONSTRUCTED,yolo,0.558,,27,1.0733,0.5414019015684286,0.541402
IMG_2771.jpg,3,74.48,Straight,True,False,MEDIUM,yolo,0.558,true_endpoint,122,1.0955,0.5414019015684286,0.541402
IMG_2771.jpg,4.0,77.789,Straight,True,True,RECONSTRUCTED,yolo,0.553,,119,1.0908,0.5414019015684286,0.541402
IMG_2772.jpg,0,59.529,Curved,False,False,HIGH,yolo,0.811,true_endpoint,89,1.101,0.5414019015684286,0.541402
IMG_2772.jpg,2,107.784,Curved,False,False,HIGH,yolo,0.771,true_endpoint,186,1.2658,0.5414019015684286,0.541402
IMG_2772.jpg,4.2,29.482,Curved,True,True,RECONSTRUCTED,yolo,0.712,,48,1.1618,0.5414019015684286,0.541402
IMG_2772.jpg,5.0,11.632,Curved,True,True,RECONSTRUCTED,yolo,0.684,,20,1.1246,0.5414019015684286,0.541402
IMG_2772.jpg,5.1,36.165,Straight,True,True,RECONSTRUCTED,yolo,0.684,,62,1.0858,0.5414019015684286,0.541402
IMG_2772.jpg,5.3,35.121,Curved,True,True,RECONSTRUCTED,yolo,0.684,,58,1.2601,0.5414019015684286,0.541402
IMG_2772.jpg,6,72.763,Straight,False,False,MEDIUM,yolo,0.644,true_endpoint,118,1.0966,0.5414019015684286,0.541402
IMG_2772.jpg,7.0,52.724,Straight,True,True,RECONSTRUCTED,yolo,0.636,,93,1.058,0.5414019015684286,0.541402
IMG_2772.jpg,8.0,59.096,Curved,True,True,RECONSTRUCTED,yolo,0.586,,94,1.2007,0.5414019015684286,0.541402
IMG_2772.jpg,8.4,28.903,Straight,True,True,RECONSTRUCTED,yolo,0.586,,49,1.0931,0.5414019015684286,0.541402
IMG_2773.jpg,0,152.509,Curved,True,False,HIGH,yolo,0.866,true_endpoint,245,1.1373,0.5414019015684286,0.541402
IMG_2773.jpg,2,59.398,Curved,True,False,HIGH,yolo,0.831,true_endpoint,90,1.1201,0.5414019015684286,0.541402
IMG_2773.jpg,3,102.78,Curved,False,False,HIGH,yolo,0.827,true_endpoint,178,1.1968,0.5414019015684286,0.541402
IMG_2773.jpg,6,72.221,Straight,False,False,MEDIUM,yolo,0.675,true_endpoint,117,1.0813,0.5414019015684286,0.541402
IMG_2773.jpg,8.0,33.868,Straight,True,True,RECONSTRUCTED,yolo,0.65,,59,1.0784,0.5414019015684286,0.541402
IMG_2773.jpg,9.2,28.006,Straight,True,True,RECONSTRUCTED,yolo,0.534,,49,1.0917,0.5414019015684286,0.541402
IMG_2773.jpg,10,102.338,Straight,False,False,MEDIUM,yolo,0.53,true_endpoint,166,1.0845,0.5414019015684286,0.541402
IMG_2774.jpg,4.0,44.456,Curved,True,True,RECONSTRUCTED,yolo,0.724,,74,2.7356,0.5414019015684286,0.541402
IMG_2774.jpg,5.1,60.157,Curved,True,True,RECONSTRUCTED,yolo,0.711,,103,1.1454,0.5414019015684286,0.541402
IMG_2774.jpg,7,149.517,Straight,False,False,MEDIUM,yolo,0.663,true_endpoint,249,1.0827,0.5414019015684286,0.541402
IMG_2774.jpg,11.1,37.68,Curved,True,True,RECONSTRUCTED,yolo,0.56,,59,1.1202,0.5414019015684286,0.541402
IMG_2774.jpg,12.1,33.272,Curved,True,True,RECONSTRUCTED,yolo,0.547,,55,1.2732,0.5414019015684286,0.541402
IMG_2775.jpg,1.0,32.692,Curved,True,True,RECONSTRUCTED,yolo,0.692,,56,1.1404,0.5414019015684286,0.541402
IMG_2775.jpg,2,146.989,Straight,True,False,MEDIUM,yolo,0.678,true_endpoint,258,1.0488,0.5414019015684286,0.541402
IMG_2775.jpg,4.0,36.521,Curved,True,True,RECONSTRUCTED,yolo,0.612,,61,1.1718,0.5414019015684286,0.541402
IMG_2775.jpg,4.1,16.412,Curved,True,True,RECONSTRUCTED,yolo,0.612,,28,1.1227,0.5414019015684286,0.541402
IMG_2775.jpg,6,18.075,Curved,True,False,MEDIUM,yolo,0.563,true_endpoint,29,1.1431,0.5414019015684286,0.541402
IMG_2775.jpg,8.1,14.563,Curved,True,True,RECONSTRUCTED,yolo,0.551,,25,1.1651,0.5414019015684286,0.541402
IMG_2776.jpg,1.0,50.28,Straight,True,True,RECONSTRUCTED,yolo,0.774,,86,1.0663,0.5414019015684286,0.541402
IMG_2776.jpg,1.2,18.167,Curved,True,True,RECONSTRUCTED,yolo,0.774,,30,1.1286,0.5414019015684286,0.541402
IMG_2776.jpg,5.0,26.83,Curved,True,True,RECONSTRUCTED,yolo,0.688,,46,1.1448,0.5414019015684286,0.541402
IMG_2776.jpg,5.1,15.329,Curved,True,True,RECONSTRUCTED,yolo,0.688,,26,1.1912,0.5414019015684286,0.541402
IMG_2776.jpg,9,66.234,Straight,False,False,MEDIUM,yolo,0.625,true_endpoint,96,1.0845,0.5414019015684286,0.541402
IMG_2776.jpg,10.2,24.943,Straight,True,True,RECONSTRUCTED,yolo,0.588,,45,1.0892,0.5414019015684286,0.541402
IMG_2777.jpg,2,102.95,Curved,True,False,HIGH,yolo,0.817,true_endpoint,175,1.1002,0.5414019015684286,0.541402
IMG_2777.jpg,4.0,38.578,Curved,True,True,RECONSTRUCTED,yolo,0.729,,59,1.1309,0.5414019015684286,0.541402
IMG_2777.jpg,6.0,26.365,Curved,True,True,RECONSTRUCTED,yolo,0.684,,41,1.6152,0.5414019015684286,0.541402
IMG_2777.jpg,6.1,55.957,Curved,True,True,RECONSTRUCTED,yolo,0.684,,94,1.1473,0.5414019015684286,0.541402
IMG_2777.jpg,6.2,32.692,Curved,True,True,RECONSTRUCTED,yolo,0.684,,56,1.4123,0.5414019015684286,0.541402
IMG_2777.jpg,9.1,17.44,Curved,True,True,RECONSTRUCTED,yolo,0.565,,27,1.3552,0.5414019015684286,0.541402
IMG_2777.jpg,9.2,96.53,Curved,True,True,RECONSTRUCTED,yolo,0.565,,159,1.5402,0.5414019015684286,0.541402
IMG_2777.jpg,11.1,22.406,Curved,True,True,RECONSTRUCTED,yolo,0.52,,37,1.171,0.5414019015684286,0.541402
IMG_2778.jpg,1,59.993,Curved,False,False,HIGH,yolo,0.788,true_endpoint,94,1.2437,0.5414019015684286,0.541402
IMG_2778.jpg,8.0,26.01,Straight,True,True,RECONSTRUCTED,yolo,0.554,,42,1.0824,0.5414019015684286,0.541402
IMG_2778.jpg,9.2,55.809,Curved,True,True,RECONSTRUCTED,yolo,0.536,,90,1.1131,0.5414019015684286,0.541402
IMG_2779.jpg,0.1,50.171,Curved,True,True,RECONSTRUCTED,yolo,0.926,,80,1.2653,0.5414019015684286,0.541402
IMG_2779.jpg,0.2,36.915,Curved,True,True,RECONSTRUCTED,yolo,0.926,,58,1.3341,0.5414019015684286,0.541402
IMG_2779.jpg,2.0,12.359,Straight,True,True,RECONSTRUCTED,yolo,0.865,,23,1.0334,0.5414019015684286,0.541402
IMG_2779.jpg,4,97.379,Straight,False,False,HIGH,yolo,0.841,true_endpoint,144,1.0885,0.5414019015684286,0.541402
IMG_2779.jpg,6.3,34.672,Curved,True,True,RECONSTRUCTED,yolo,0.815,,58,1.1642,0.5414019015684286,0.541402
IMG_2779.jpg,7,148.076,Straight,True,False,HIGH,yolo,0.814,true_endpoint,219,1.0984,0.5414019015684286,0.541402
IMG_2779.jpg,9,46.907,Straight,False,False,MEDIUM,yolo,0.682,true_endpoint,69,1.088,0.5414019015684286,0.541402
IMG_2779.jpg,11.0,24.571,Curved,True,True,RECONSTRUCTED,yolo,0.63,,41,1.2195,0.5414019015684286,0.541402
IMG_2779.jpg,12.2,33.442,Curved,True,True,RECONSTRUCTED,yolo,0.58,,52,1.1121,0.5414019015684286,0.541402
IMG_2779.jpg,12.3,53.644,Curved,True,True,RECONSTRUCTED,yolo,0.58,,86,1.1279,0.5414019015684286,0.541402
IMG_2781.jpg,1,127.528,Curved,True,False,MEDIUM,yolo,0.673,true_endpoint,203,1.1855,0.5414019015684286,0.541402
IMG_2781.jpg,2.0,13.574,Straight,True,True,RECONSTRUCTED,yolo,0.524,,24,1.0809,0.5414019015684286,0.541402
IMG_2782.jpg,2.0,37.511,Curved,True,True,RECONSTRUCTED,yolo,0.523,,62,1.1304,0.5414019015684286,0.541402
IMG_2782.jpg,2.1,63.235,Curved,True,True,RECONSTRUCTED,yolo,0.523,,112,1.1295,0.5414019015684286,0.541402
overlay_IMG_2728.jpg,0,124.782,Curved,True,False,HIGH,yolo,0.833,true_endpoint,200,1.1088,0.5414019015684286,0.541402
overlay_IMG_2729.jpg,0,114.457,Curved,True,False,HIGH,yolo,0.791,true_endpoint,183,1.1409,0.5414019015684286,0.541402
overlay_IMG_2729.jpg,2,173.749,Straight,True,False,MEDIUM,yolo,0.519,true_endpoint,295,1.0716,0.5414019015684286,0.541402
overlay_IMG_2730.jpg,0,111.565,Curved,True,False,HIGH,yolo,0.802,true_endpoint,176,1.1046,0.5414019015684286,0.541402
overlay_IMG_2730.jpg,1,167.438,Straight,True,False,HIGH,yolo,0.735,true_endpoint,285,1.0822,0.5414019015684286,0.541402
overlay_IMG_2730.jpg,2,253.887,Curved,True,False,MEDIUM,yolo,0.687,true_endpoint,390,1.1614,0.5414019015684286,0.541402
overlay_IMG_2731.jpg,0,116.886,Curved,True,False,HIGH,yolo,0.802,true_endpoint,185,1.1086,0.5414019015684286,0.541402
overlay_IMG_2731.jpg,1,294.268,Curved,True,False,HIGH,yolo,0.738,true_endpoint,465,1.4639,0.5414019015684286,0.541402
overlay_IMG_2731.jpg,3.0,57.937,Curved,True,True,RECONSTRUCTED,yolo,0.517,,96,1.2796,0.5414019015684286,0.541402
overlay_IMG_2731.jpg,4,116.12,Curved,True,False,MEDIUM,yolo,0.507,true_endpoint,184,1.1013,0.5414019015684286,0.541402
overlay_IMG_2732.jpg,0,260.277,Curved,True,False,HIGH,yolo,0.929,true_endpoint,425,1.2696,0.5414019015684286,0.541402
overlay_IMG_2732.jpg,1,177.724,Straight,True,False,HIGH,yolo,0.838,true_endpoint,304,1.0873,0.5414019015684286,0.541402
overlay_IMG_2732.jpg,2,223.808,Curved,True,False,HIGH,yolo,0.71,true_endpoint,339,1.1501,0.5414019015684286,0.541402
overlay_IMG_2732.jpg,3.0,44.959,Straight,True,True,RECONSTRUCTED,yolo,0.504,,77,1.0926,0.5414019015684286,0.541402
overlay_IMG_2733.jpg,0,340.735,Curved,True,False,HIGH,yolo,0.945,true_endpoint,550,1.6093,0.5414019015684286,0.541402
overlay_IMG_2733.jpg,1,150.908,Curved,True,False,HIGH,yolo,0.851,true_endpoint,235,1.1516,0.5414019015684286,0.541402
overlay_IMG_2733.jpg,2.0,45.145,Curved,True,True,RECONSTRUCTED,yolo,0.829,,79,1.4784,0.5414019015684286,0.541402
overlay_IMG_2734.jpg,0,292.854,Curved,True,False,HIGH,yolo,0.925,true_endpoint,486,1.3783,0.5414019015684286,0.541402
overlay_IMG_2734.jpg,1,180.352,Straight,True,False,HIGH,yolo,0.865,true_endpoint,284,1.0967,0.5414019015684286,0.541402
overlay_IMG_2734.jpg,2,222.556,Curved,True,False,HIGH,yolo,0.837,true_endpoint,340,1.1744,0.5414019015684286,0.541402
overlay_IMG_2734.jpg,3.1,43.056,Curved,True,True,RECONSTRUCTED,yolo,0.836,,71,1.5487,0.5414019015684286,0.541402
overlay_IMG_2734.jpg,3.2,37.642,Curved,True,True,RECONSTRUCTED,yolo,0.836,,61,1.1846,0.5414019015684286,0.541402
overlay_IMG_2734.jpg,5.0,30.117,Curved,True,True,RECONSTRUCTED,yolo,0.692,,50,1.1296,0.5414019015684286,0.541402
overlay_IMG_2734.jpg,5.1,60.474,Straight,True,True,RECONSTRUCTED,yolo,0.692,,104,1.0917,0.5414019015684286,0.541402
overlay_IMG_2735.jpg,0,202.075,Curved,True,False,HIGH,yolo,0.927,true_endpoint,303,1.1117,0.5414019015684286,0.541402
overlay_IMG_2735.jpg,1,129.809,Curved,False,False,HIGH,yolo,0.915,true_endpoint,201,1.1411,0.5414019015684286,0.541402
overlay_IMG_2735.jpg,2,188.201,Curved,False,False,HIGH,yolo,0.895,true_endpoint,284,1.1391,0.5414019015684286,0.541402
overlay_IMG_2735.jpg,4,146.291,Curved,True,False,HIGH,yolo,0.723,true_endpoint,236,1.1674,0.5414019015684286,0.541402
overlay_IMG_2735.jpg,5.1,13.929,Straight,True,True,RECONSTRUCTED,yolo,0.708,,23,1.0824,0.5414019015684286,0.541402
overlay_IMG_2735.jpg,6,86.529,Curved,True,False,MEDIUM,yolo,0.635,true_endpoint,131,1.1016,0.5414019015684286,0.541402
overlay_IMG_2735.jpg,7.2,55.601,Straight,True,True,RECONSTRUCTED,yolo,0.6,,95,1.092,0.5414019015684286,0.541402
overlay_IMG_2737.jpg,0,212.586,Curved,True,False,HIGH,yolo,0.928,true_endpoint,322,1.1193,0.5414019015684286,0.541402
overlay_IMG_2737.jpg,1,134.906,Curved,False,False,HIGH,yolo,0.926,true_endpoint,210,1.1419,0.5414019015684286,0.541402
overlay_IMG_2737.jpg,3,267.456,Curved,True,False,HIGH,yolo,0.846,true_endpoint,454,1.1034,0.5414019015684286,0.541402
overlay_IMG_2737.jpg,4,199.516,Curved,True,False,HIGH,yolo,0.823,true_endpoint,302,1.1228,0.5414019015684286,0.541402
overlay_IMG_2737.jpg,5.1,50.636,Curved,True,True,RECONSTRUCTED,yolo,0.578,,85,1.2352,0.5414019015684286,0.541402
overlay_IMG_2737.jpg,6.0,18.539,Straight,True,True,RECONSTRUCTED,yolo,0.57,,34,1.0334,0.5414019015684286,0.541402
overlay_IMG_2737.jpg,7,145.625,Curved,False,False,MEDIUM,yolo,0.548,true_endpoint,224,1.113,0.5414019015684286,0.541402
